,Division Number,Division,Pass Rate,Percent of Inexperienced Teachers,Percent of Out-of-Field Teachers,Total Per-Pupil Expenditures,Total Expenditures,Per-Pupil Federal Funds,Per-Pupil State Funds
0,1.0,ACCOMACK COUNTY,69.45,7.6,7.1,10452.0,53447458.0,731.0,9721.0
1,2.0,ALBEMARLE COUNTY,78.47,2.4,4.7,13536.0,189267299.0,403.0,13132.0
2,101.0,ALEXANDRIA CITY,67.69,2.5,3.0,17691.0,277857401.0,615.0,17077.0
3,3.0,ALLEGHANY COUNTY,69.7,4.0,5.1,11496.0,23571664.0,730.0,10766.0
4,4.0,AMELIA COUNTY,75.52,2.3,3.8,9447.0,16601535.0,425.0,9022.0
5,5.0,AMHERST COUNTY,77.94,2.9,5.2,10409.0,42377925.0,571.0,9838.0
6,6.0,APPOMATTOX COUNTY,76.82,4.8,11.8,9729.0,21672688.0,591.0,9138.0
7,7.0,ARLINGTON COUNTY,83.28,4.6,1.3,18894.0,519667241.0,443.0,18451.0
8,8.0,AUGUSTA COUNTY,77.22,4.2,2.0,10058.0,103569009.0,697.0,9361.0
9,9.0,BATH COUNTY,80.81,2.9,2.9,17276.0,9480575.0,1125.0,16151.0
10,10.0,BEDFORD COUNTY,79.72,6.3,4.8,10550.0,100767402.0,461.0,10090.0
11,11.0,BLAND COUNTY,79.95,4.9,3.3,10598.0,7692153.0,158.0,10440.0
12,12.0,BOTETOURT COUNTY,84.25,0.2,1.0,11028.0,51334487.0,365.0,10664.0
13,102.0,BRISTOL CITY,76.49,0.5,2.2,10654.0,23958208.0,1027.0,9628.0
14,13.0,BRUNSWICK COUNTY,62.1,1.6,11.9,13057.0,20741836.0,1339.0,11718.0
15,14.0,BUCHANAN COUNTY,72.22,3.1,0.4,10768.0,29660748.0,900.0,9867.0
16,15.0,BUCKINGHAM COUNTY,60.85,5.8,8.4,10672.0,22337226.0,833.0,9840.0
17,103.0,BUENA VISTA CITY,72.62,11.1,16.7,11078.0,9887827.0,597.0,10481.0
18,16.0,CAMPBELL COUNTY,78.66,0.0,4.4,10068.0,78986559.0,459.0,9609.0
19,17.0,CAROLINE COUNTY,71.81,4.3,5.6,10148.0,42617195.0,518.0,9630.0
20,18.0,CARROLL COUNTY,79.45,0.3,2.9,10513.0,39169503.0,730.0,9784.0
21,19.0,CHARLES CITY COUNTY,73.41,1.8,3.6,15425.0,9531918.0,955.0,14469.0
22,20.0,CHARLOTTE COUNTY,78.86,7.4,3.7,12752.0,23332370.0,828.0,11924.0
23,104.0,CHARLOTTESVILLE CITY,69.52,3.7,2.4,16223.0,72596600.0,726.0,15497.0
24,136.0,CHESAPEAKE CITY,81.11,3.4,0.3,11195.0,457215466.0,600.0,10595.0
25,21.0,CHESTERFIELD COUNTY,78.57,16.9,1.8,9911.0,606733300.0,455.0,9456.0
26,22.0,CLARKE COUNTY,72.4,6.5,7.7,11525.0,22674052.0,380.0,11145.0
27,202.0,COLONIAL BEACH,72.38,18.8,16.7,10599.0,6914718.0,745.0,9854.0
28,106.0,COLONIAL HEIGHTS CITY,76.03,2.4,1.6,12663.0,35786537.0,462.0,12200.0
29,107.0,COVINGTON CITY,70.34,3.7,0.0,10006.0,10391652.0,713.0,9293.0
30,23.0,CRAIG COUNTY,75.08,8.8,1.8,10949.0,6532699.0,823.0,10126.0
31,24.0,CULPEPER COUNTY,73.39,6.6,3.6,10040.0,82659835.0,515.0,9525.0
32,25.0,CUMBERLAND COUNTY,68.18,5.1,1.7,10746.0,14404363.0,832.0,9914.0
33,108.0,DANVILLE CITY,51.51,5.6,3.8,12469.0,70231360.0,1151.0,11319.0
34,26.0,DICKENSON COUNTY,83.25,3.6,0.0,11077.0,22787847.0,748.0,10328.0
35,27.0,DINWIDDIE COUNTY,76.88,3.8,1.2,10705.0,46457852.0,446.0,10259.0
36,28.0,ESSEX COUNTY,68.8,8.3,5.8,12670.0,16370940.0,725.0,11945.0
37,29.0,FAIRFAX COUNTY,80.69,3.8,3.2,15373.0,2880459612.0,448.0,14924.0
38,109.0,FALLS CHURCH CITY,91.35,1.0,2.0,18786.0,49075163.0,211.0,18576.0
39,30.0,FAUQUIER COUNTY,76.92,0.0,10.3,12510.0,139219287.0,383.0,12127.0
40,31.0,FLOYD COUNTY,77.21,2.3,8.5,10702.0,20791430.0,566.0,10137.0
41,32.0,FLUVANNA COUNTY,75.04,1.7,0.3,10352.0,36820007.0,385.0,9968.0
42,135.0,FRANKLIN CITY,68.66,10.8,16.7,12550.0,13241033.0,1402.0,11147.0
43,33.0,FRANKLIN COUNTY,79.45,2.6,1.7,11421.0,79535717.0,910.0,10511.0
44,34.0,FREDERICK COUNTY,73.7,3.2,1.5,11979.0,163116395.0,375.0,11604.0
45,110.0,FREDERICKSBURG CITY,63.44,7.8,1.0,12667.0,46792893.0,896.0,11770.0
46,111.0,GALAX CITY,77.95,10.3,2.6,10374.0,13761681.0,798.0,9575.0
47,35.0,GILES COUNTY,76.25,5.0,1.4,10249.0,25056968.0,607.0,9641.0
48,36.0,GLOUCESTER COUNTY,81.38,3.1,0.0,10746.0,57569368.0,453.0,10292.0
49,37.0,GOOCHLAND COUNTY,83.02,5.5,2.8,11849.0,31140142.0,462.0,11387.0
50,38.0,GRAYSON COUNTY,82.45,5.7,3.4,11819.0,18177976.0,967.0,10853.0
51,39.0,GREENE COUNTY,70.35,3.6,4.5,11132.0,33181370.0,473.0,10658.0
52,40.0,GREENSVILLE COUNTY,57.27,6.1,7.7,11624.0,25845127.0,1077.0,10546.0
53,41.0,HALIFAX COUNTY,73.46,5.0,8.7,10816.0,53007317.0,767.0,10050.0
54,112.0,HAMPTON CITY,74.27,9.8,0.7,10736.0,209563455.0,703.0,10032.0
55,42.0,HANOVER COUNTY,83.88,2.6,1.4,10141.0,178426911.0,347.0,9794.0
56,113.0,HARRISONBURG CITY,62.44,1.3,2.2,11839.0,75829840.0,506.0,11334.0
57,43.0,HENRICO COUNTY,75.74,3.6,0.5,9864.0,504571102.0,483.0,9382.0
58,44.0,HENRY COUNTY,75.32,7.8,1.9,9414.0,69835859.0,788.0,8627.0
59,45.0,HIGHLAND COUNTY,93.9,6.5,22.6,18851.0,3860443.0,0.0,18851.0
60,114.0,HOPEWELL CITY,66.31,6.6,7.2,11451.0,48655064.0,1107.0,10344.0
61,46.0,ISLE OF WIGHT COUNTY,80.22,2.5,4.8,10313.0,56769509.0,401.0,9913.0
62,48.0,KING GEORGE COUNTY,79.58,3.8,6.5,10033.0,44347536.0,308.0,9725.0
63,50.0,KING WILLIAM COUNTY,73.27,0.0,2.9,11265.0,24706470.0,418.0,10847.0
64,49.0,KING AND QUEEN COUNTY,78.66,3.3,4.4,12962.0,10373771.0,837.0,12125.0
65,51.0,LANCASTER COUNTY,68.29,9.4,2.4,13092.0,14736073.0,766.0,12325.0
66,52.0,LEE COUNTY,77.98,4.7,10.0,11188.0,36135268.0,1518.0,9670.0
67,137.0,LEXINGTON CITY,86.86,2.3,2.3,10594.0,5456705.0,444.0,10150.0
68,53.0,LOUDOUN COUNTY,84.21,3.1,2.3,14898.0,1224310437.0,219.0,14680.0
69,54.0,LOUISA COUNTY,76.93,5.2,1.8,11395.0,55666347.0,568.0,10826.0
70,55.0,LUNENBURG COUNTY,71.86,5.6,7.0,,,,
71,115.0,LYNCHBURG CITY,69.12,5.9,2.4,11639.0,95051900.0,953.0,10686.0
72,56.0,MADISON COUNTY,70.2,4.6,9.2,11554.0,19688001.0,526.0,11028.0
73,143.0,MANASSAS CITY,64.32,6.2,4.3,12751.0,98045212.0,464.0,12287.0
74,144.0,MANASSAS PARK CITY,67.12,7.6,1.4,10153.0,37718517.0,312.0,9841.0
75,116.0,MARTINSVILLE CITY,66.67,10.4,5.8,12405.0,24195705.0,1065.0,11340.0
76,57.0,MATHEWS COUNTY,76.68,4.2,3.2,12267.0,12991448.0,490.0,11777.0
77,58.0,MECKLENBURG COUNTY,78.15,3.4,7.7,11982.0,50097077.0,717.0,11266.0
78,59.0,MIDDLESEX COUNTY,70.65,0.9,9.3,12494.0,15045184.0,712.0,11782.0
79,60.0,MONTGOMERY COUNTY,80.73,5.0,0.9,10644.0,105885823.0,436.0,10209.0
80,62.0,NELSON COUNTY,75.44,3.7,0.0,13760.0,24304363.0,575.0,13185.0
81,63.0,NEW KENT COUNTY,80.3,3.7,0.0,9534.0,31263907.0,317.0,9217.0
82,117.0,NEWPORT NEWS CITY,64.35,3.5,4.0,10794.0,307412391.0,773.0,10022.0
83,118.0,NORFOLK CITY,66.12,4.5,4.4,10540.0,314607423.0,723.0,9816.0
84,65.0,NORTHAMPTON COUNTY,65.55,14.6,1.3,11924.0,18753412.0,958.0,10965.0
85,66.0,NORTHUMBERLAND COUNTY,76.84,5.4,3.1,12637.0,16662335.0,802.0,11835.0
86,119.0,NORTON CITY,82.9,6.8,11.9,8547.0,7118123.0,0.0,8547.0
87,67.0,NOTTOWAY COUNTY,70.91,2.9,5.2,10088.0,20397023.0,795.0,9292.0
88,68.0,ORANGE COUNTY,77.79,3.0,3.9,10167.0,50972653.0,784.0,9383.0
89,69.0,PAGE COUNTY,72.24,11.8,4.2,9964.0,33525541.0,569.0,9395.0
90,70.0,PATRICK COUNTY,84.63,1.9,4.3,9968.0,25496466.0,580.0,9388.0
91,120.0,PETERSBURG CITY,52.14,10.4,10.1,11913.0,49058770.0,1830.0,10083.0
92,71.0,PITTSYLVANIA COUNTY,81.91,5.6,1.7,9886.0,86644286.0,588.0,9298.0
93,142.0,POQUOSON CITY,91.05,0.0,0.6,10226.0,21874350.0,479.0,9746.0
94,121.0,PORTSMOUTH CITY,69.93,3.9,5.6,11111.0,153667661.0,833.0,10278.0
95,72.0,POWHATAN COUNTY,81.92,4.2,0.0,10767.0,46025633.0,313.0,10454.0
96,73.0,PRINCE EDWARD COUNTY,60.55,8.3,8.3,10732.0,22042468.0,643.0,10090.0
97,74.0,PRINCE GEORGE COUNTY,82.68,4.4,5.4,9970.0,63007713.0,876.0,9094.0
98,75.0,PRINCE WILLIAM COUNTY,78.87,3.9,4.0,10936.0,992924799.0,414.0,10522.0
99,77.0,PULASKI COUNTY,73.83,5.6,1.2,10785.0,44073016.0,706.0,10079.0
100,122.0,RADFORD CITY,82.94,3.6,1.8,10451.0,17123903.0,538.0,9913.0
101,78.0,RAPPAHANNOCK COUNTY,76.28,1.2,3.7,14921.0,11798714.0,545.0,14376.0
102,123.0,RICHMOND CITY,56.31,0.2,3.1,13886.0,336328266.0,1500.0,12386.0
103,79.0,RICHMOND COUNTY,77.0,7.1,0.0,10216.0,13165885.0,556.0,9661.0
104,124.0,ROANOKE CITY,69.28,3.7,1.1,12625.0,172184072.0,937.0,11687.0
105,80.0,ROANOKE COUNTY,83.77,4.5,0.0,10275.0,143738386.0,344.0,9930.0
106,81.0,ROCKBRIDGE COUNTY,79.04,2.4,3.6,11409.0,31861440.0,652.0,10757.0
107,82.0,ROCKINGHAM COUNTY,75.79,3.3,2.1,10914.0,129456666.0,484.0,10430.0
108,83.0,RUSSELL COUNTY,83.09,7.5,2.4,10135.0,38106834.0,876.0,9259.0
109,139.0,SALEM CITY,80.66,1.6,7.9,10388.0,40905457.0,351.0,10037.0
110,84.0,SCOTT COUNTY,85.49,4.4,7.2,9994.0,35122876.0,753.0,9242.0
111,85.0,SHENANDOAH COUNTY,67.12,4.7,3.3,11071.0,66062582.0,556.0,10515.0
112,86.0,SMYTH COUNTY,77.24,4.6,8.8,9932.0,42838670.0,710.0,9222.0
113,87.0,SOUTHAMPTON COUNTY,80.19,4.1,18.9,10221.0,29061255.0,535.0,9686.0
114,88.0,SPOTSYLVANIA COUNTY,74.89,7.2,6.2,10875.0,255536798.0,393.0,10482.0
115,89.0,STAFFORD COUNTY,79.18,8.7,11.7,9946.0,291827369.0,375.0,9572.0
116,126.0,STAUNTON CITY,73.06,5.4,3.9,10819.0,29234953.0,284.0,10536.0
117,127.0,SUFFOLK CITY,76.85,2.1,1.9,10278.0,146428199.0,555.0,9724.0
118,90.0,SURRY COUNTY,77.6,1.1,5.4,20055.0,15078069.0,921.0,19134.0
119,91.0,SUSSEX COUNTY,77.38,4.6,4.6,16514.0,17495537.0,1348.0,15165.0
120,92.0,TAZEWELL COUNTY,83.6,4.8,5.0,8953.0,49839989.0,556.0,8396.0
121,128.0,VIRGINIA BEACH CITY,84.91,4.7,0.9,11327.0,773545649.0,653.0,10674.0
122,93.0,WARREN COUNTY,74.15,5.2,1.1,10529.0,55608212.0,504.0,10025.0
123,94.0,WASHINGTON COUNTY,85.98,2.1,1.8,10323.0,72915453.0,562.0,9762.0
124,130.0,WAYNESBORO CITY,66.9,7.0,1.7,11143.0,33114961.0,677.0,10467.0
125,207.0,WEST POINT,92.05,1.4,14.3,12205.0,9951864.0,308.0,11897.0
126,95.0,WESTMORELAND COUNTY,70.25,2.1,6.3,13074.0,21226339.0,852.0,12222.0
127,131.0,WILLIAMSBURG-JAMES CITY COUNTY,80.88,1.0,0.3,11943.0,138236090.0,344.0,11599.0
128,132.0,WINCHESTER CITY,67.43,3.1,5.3,12873.0,55850515.0,762.0,12110.0
129,96.0,WISE COUNTY,85.59,5.7,0.0,9032.0,51142060.0,324.0,8708.0
130,97.0,WYTHE COUNTY,85.2,4.4,4.7,10247.0,41352273.0,457.0,9790.0
131,98.0,YORK COUNTY,87.91,0.6,2.8,10111.0,130415681.0,997.0,9114.0
132,,DEPARTMENT OF J,,0.0,11.1,,,,
133,,VIRGINIA SCHOOL FOR THE DEAF AND,,16.1,28.6,,,,
